filename,chroma_stft,spectral_centroid,spectral_bandwidth,rolloff,zero_crossing_rate,rmse,ae,mfcc1,mfcc2,mfcc3,mfcc4,mfcc5,mfcc6,mfcc7,mfcc8,mfcc9,mfcc10,mfcc11,mfcc12,mfcc13,label
good_atmo_medium_0.wav,0.3185179829597473,1865.037722102541,2556.9238744936624,3946.5392127403848,0.06606820913461539,0.11727362871170044,0.31664910912513733,-122.62561798095703,116.10198211669922,9.263588905334473,6.911271095275879,14.541098594665527,-5.0436015129089355,-3.281221866607666,-15.41297435760498,-0.6762159466743469,14.82800006866455,20.357646942138672,6.207822799682617,-5.221334457397461,good
good_atmo_medium_1.wav,0.3204894959926605,1789.485154293761,2507.5091357639158,3701.971717247596,0.062315955528846154,0.1256849616765976,0.34126511216163635,-119.192138671875,118.78585052490234,9.832684516906738,6.346219062805176,12.839680671691895,-6.087982177734375,-4.739518642425537,-15.971658706665039,-0.4688909649848938,15.082767486572266,21.448261260986328,6.2192888259887695,-4.728285789489746,good
good_atmo_medium_10.wav,0.320088654756546,2009.122811459205,2607.7014746421546,4348.796011117788,0.07627704326923077,0.10035646706819534,0.2723854184150696,-126.6771011352539,108.4811019897461,4.6678853034973145,9.916434288024902,16.22442626953125,-6.138723373413086,-4.719244956970215,-15.822967529296875,-3.615478277206421,12.995749473571777,22.180601119995117,3.689953088760376,-8.343260765075684,good
good_atmo_medium_11.wav,0.3429321348667145,1928.2025497017335,2562.2076710424385,4069.1956505408652,0.07263746995192308,0.10732508450746536,0.28603798151016235,-123.77735900878906,112.32939910888672,6.122196197509766,10.351603507995605,15.2465238571167,-7.437727451324463,-4.531261444091797,-14.901215553283691,-4.233838081359863,12.822406768798828,23.89301300048828,5.170221328735352,-7.574436187744141,good
good_atmo_medium_12.wav,0.34321457147598267,1978.7533335794005,2608.0885989604512,4334.799429086538,0.07034630408653846,0.10962310433387756,0.2890014052391052,-128.0987091064453,108.00188446044922,5.838664531707764,12.260551452636719,16.955398559570312,-6.402438640594482,-3.9024128913879395,-13.925206184387207,-2.4117519855499268,12.972620964050293,23.88542366027832,5.087543487548828,-8.367823600769043,good
good_atmo_medium_13.wav,0.3521261215209961,1945.5353997164382,2596.367454471345,4210.320951021635,0.0657001201923077,0.11200437694787979,0.2918790876865387,-125.21342468261719,109.3141098022461,6.10997200012207,14.313904762268066,19.178335189819336,-6.330615997314453,-3.11665415763855,-13.024348258972168,-3.316213369369507,11.6876859664917,24.621292114257812,6.476927757263184,-8.225122451782227,good
good_atmo_medium_14.wav,0.3391599953174591,1994.7169015858976,2582.9502878631583,4274.175180288462,0.07928936298076923,0.09899236261844635,0.27334898710250854,-123.69355773925781,109.59709930419922,3.3240816593170166,11.323975563049316,15.5910005569458,-6.310328006744385,-1.8267029523849487,-13.216424942016602,-4.548986911773682,10.777608871459961,23.34775161743164,5.64344596862793,-9.045872688293457,good
good_atmo_medium_15.wav,0.34402239322662354,1976.6018672124576,2595.0072976388574,4284.776141826923,0.07369666466346154,0.1060195341706276,0.2879076302051544,-121.71343994140625,110.0382308959961,5.717632293701172,13.956250190734863,14.285225868225098,-8.781744003295898,-2.0254437923431396,-13.789031028747559,-4.013961315155029,10.876675605773926,21.748733520507812,7.301769256591797,-7.613874435424805,good
good_atmo_medium_16.wav,0.35122156143188477,1903.8615607771467,2541.7152456189133,3932.294170673077,0.074365234375,0.10738252848386765,0.29646384716033936,-117.97578430175781,114.72158813476562,6.680681228637695,13.70155143737793,13.311172485351562,-10.999249458312988,-1.713312029838562,-13.716630935668945,-4.029934883117676,10.693678855895996,20.863643646240234,5.85888671875,-9.411558151245117,good
good_atmo_medium_17.wav,0.36069217324256897,1966.3439617036572,2587.1354171066646,4190.030048076923,0.07569486177884616,0.10077912360429764,0.2710348665714264,-121.25453186035156,111.4794692993164,6.0828704833984375,14.099395751953125,14.355438232421875,-8.569170951843262,0.348273903131485,-13.253034591674805,-4.395719528198242,11.81954288482666,22.635129928588867,7.004700183868408,-8.191295623779297,good
good_atmo_medium_18.wav,0.35496386885643005,1895.153220049278,2555.286238147459,3993.33251953125,0.07151817908653846,0.10946530848741531,0.3034229576587677,-118.04173278808594,114.12275695800781,8.252309799194336,13.596071243286133,13.623527526855469,-8.754427909851074,-2.7433547973632812,-13.055830955505371,-0.8078454732894897,13.233948707580566,21.58005142211914,5.4043145179748535,-7.7313642501831055,good
good_atmo_medium_19.wav,0.3582148253917694,1929.5151903692768,2559.4369039461017,4090.314753605769,0.07240835336538462,0.10906420648097992,0.28792306780815125,-119.05792999267578,112.73857879638672,4.191097259521484,10.62175464630127,13.479007720947266,-8.71983814239502,-3.0062224864959717,-11.120577812194824,0.4781981110572815,13.205758094787598,23.822771072387695,8.48035717010498,-7.123344421386719,good
good_atmo_medium_2.wav,0.3442041575908661,1831.3025568897492,2552.3681033904654,3867.9430213341348,0.059457632211538464,0.12294469028711319,0.3225671648979187,-123.9920654296875,115.0022964477539,11.062004089355469,9.27812671661377,14.81905460357666,-5.418923854827881,-3.9598782062530518,-14.9281644821167,-1.005802035331726,15.261181831359863,21.985816955566406,5.4804368019104,-4.374096870422363,good
good_atmo_medium_20.wav,0.3575068414211273,1971.968271798814,2587.1655685175856,4253.221717247596,0.0751690204326923,0.10079355537891388,0.2765663266181946,-120.0660629272461,111.20270538330078,4.348546504974365,11.290627479553223,13.478164672851562,-9.260986328125,-4.420492649078369,-12.173849105834961,-0.25313159823417664,12.045802116394043,23.090923309326172,7.695516109466553,-7.568661689758301,good
good_atmo_medium_21.wav,0.36449405550956726,1956.6322960770099,2583.310231885321,4204.192270132212,0.071923828125,0.10303560644388199,0.28123730421066284,-121.851318359375,111.66230773925781,4.824176788330078,10.292272567749023,15.051170349121094,-7.812450408935547,-4.016669750213623,-12.205865859985352,-1.3515598773956299,12.72142219543457,24.345958709716797,5.686103343963623,-8.101313591003418,good
good_atmo_medium_22.wav,0.35017192363739014,2015.5096877379872,2617.670849456684,4442.465444711538,0.08105844350961539,0.09721927344799042,0.26537638902664185,-124.83732604980469,109.31111907958984,4.894983768463135,9.704461097717285,15.355263710021973,-7.080685138702393,-4.946499347686768,-12.26115608215332,0.011385660618543625,14.187267303466797,25.29208755493164,4.83821439743042,-7.7593207359313965,good
good_atmo_medium_23.wav,0.37242254614830017,1916.3112794779695,2561.745115984704,4097.602914663462,0.06977914663461539,0.10839315503835678,0.2920112609863281,-121.5032958984375,112.51875305175781,6.516246795654297,10.809578895568848,16.616661071777344,-4.735070705413818,-4.347011089324951,-13.042633056640625,-0.8568692207336426,14.070759773254395,24.49787712097168,5.291613578796387,-6.451145648956299,good
good_atmo_medium_24.wav,0.3716532289981842,1909.6188321973816,2548.8918510656736,4018.178523137019,0.07032752403846154,0.11033739894628525,0.3031589090824127,-118.23943328857422,113.37628936767578,5.175319194793701,10.1436185836792,15.763348579406738,-5.469325065612793,-2.564746379852295,-12.230076789855957,-2.48544979095459,13.29024887084961,24.433927536010742,5.496537685394287,-8.660499572753906,good
good_atmo_medium_25.wav,0.3476695120334625,1930.498241514703,2543.8607453720356,4018.2613431490386,0.0754657451923077,0.10805724561214447,0.30066153407096863,-118.83252716064453,111.77971649169922,4.375504493713379,11.534716606140137,15.02148151397705,-7.661416530609131,-5.27326774597168,-15.988386154174805,-5.927950382232666,10.576142311096191,22.84850311279297,6.435093402862549,-7.150872707366943,good
good_atmo_medium_26.wav,0.3664650022983551,1989.5749180924365,2579.0062530574346,4288.33740234375,0.07833533653846154,0.09812916815280914,0.27563250064849854,-120.05291748046875,110.71741485595703,3.377171516418457,9.66741943359375,12.871514320373535,-8.178751945495605,-3.5516276359558105,-13.390673637390137,-5.010538578033447,10.53689193725586,23.91619873046875,7.203068733215332,-5.7991509437561035,good
good_atmo_medium_27.wav,0.35728228092193604,1904.5560889906308,2559.142251309156,4033.583045372596,0.07140549879807692,0.10959317535161972,0.3011947572231293,-120.94570922851562,112.87602233886719,6.765873908996582,12.549395561218262,16.44783592224121,-6.864386081695557,-4.017717361450195,-13.476882934570312,-4.305883407592773,10.80982780456543,24.24544334411621,5.198113918304443,-7.799674034118652,good
good_atmo_medium_28.wav,0.35873985290527344,1947.6196122685724,2573.6732124912605,4136.197040264423,0.07522911658653846,0.10030408948659897,0.2722908556461334,-120.78048706054688,112.65068817138672,6.1870832443237305,11.059025764465332,13.87034797668457,-8.328780174255371,-4.468085765838623,-12.897154808044434,-3.920273542404175,10.948919296264648,24.310546875,5.766907691955566,-8.446290016174316,good
good_atmo_medium_29.wav,0.35262027382850647,1996.9800411582187,2595.428989105031,4340.928109975962,0.0756084735576923,0.09879205375909805,0.26789042353630066,-122.07823181152344,110.22080993652344,3.982079029083252,9.37277889251709,13.149677276611328,-9.244294166564941,-5.6941118240356445,-12.74535083770752,-2.5107650756835938,11.107470512390137,23.581581115722656,5.7376251220703125,-7.479482650756836,good
good_atmo_medium_3.wav,0.34080395102500916,1849.5807972307045,2551.2882792374103,3957.9683743990386,0.06198542668269231,0.12506309151649475,0.33134523034095764,-123.76709747314453,113.92184448242188,10.234190940856934,9.276917457580566,15.001426696777344,-3.9464168548583984,-3.779731035232544,-14.728219032287598,-0.8111125230789185,15.543210983276367,21.92607307434082,4.869135856628418,-6.030210494995117,good
good_atmo_medium_30.wav,0.3571479916572571,1952.4259334901317,2575.457706278662,4178.51806640625,0.07350510817307693,0.1037573590874672,0.2841396927833557,-120.74406433105469,111.29291534423828,4.482452869415283,10.456277847290039,14.096708297729492,-7.978247165679932,-3.854142427444458,-12.44556999206543,-3.6274380683898926,9.865080833435059,23.61767578125,6.937870979309082,-6.512343406677246,good
good_atmo_medium_31.wav,0.3390296995639801,2067.416739377572,2661.699981405074,4678.668118990385,0.07749774639423077,0.09141556918621063,0.2489277422428131,-129.88714599609375,105.10323333740234,3.551492929458618,10.94975471496582,17.39049530029297,-5.160941123962402,-0.8263004422187805,-9.440075874328613,-2.559325695037842,11.489587783813477,26.782625198364258,7.76910400390625,-7.5762739181518555,good
good_atmo_medium_32.wav,0.3337336480617523,1926.3750275068553,2562.891418480067,4085.511192908654,0.06967022235576924,0.10703020542860031,0.2912294566631317,-122.08100128173828,112.10621643066406,5.781432151794434,11.614021301269531,15.001555442810059,-7.255677223205566,-2.5938100814819336,-13.058687210083008,-4.754474639892578,9.196216583251953,23.127700805664062,7.6253981590271,-7.563990116119385,good
good_atmo_medium_33.wav,0.3438749611377716,2008.3968653164281,2613.598956617781,4417.702261117788,0.07548076923076923,0.10042738169431686,0.26785221695899963,-126.5511245727539,107.71836853027344,4.597370624542236,9.7283935546875,14.128140449523926,-4.793081283569336,-0.2833358943462372,-11.817630767822266,-5.367027282714844,11.359143257141113,25.008827209472656,7.530154228210449,-5.715682506561279,good
good_atmo_medium_34.wav,0.3491753339767456,1989.6662646958318,2593.1751921494733,4325.772047776442,0.07884615384615384,0.0977104976773262,0.27160826325416565,-124.32319641113281,109.8552474975586,5.289158821105957,7.906643390655518,12.840752601623535,-4.498870849609375,-1.3281075954437256,-13.846338272094727,-4.835693359375,14.003890037536621,26.18955421447754,7.518287181854248,-5.481059551239014,good
good_atmo_medium_35.wav,0.3830084502696991,1933.0844902180866,2554.886422312204,4075.7384314903848,0.07389197716346153,0.1002703309059143,0.28116777539253235,-120.96800994873047,113.3310775756836,5.224417686462402,8.401740074157715,14.62590503692627,-4.154098033905029,-3.5286293029785156,-16.097843170166016,-4.585850238800049,13.919417381286621,25.28452491760254,7.739823818206787,-5.3690690994262695,good
good_atmo_medium_36.wav,0.3518812656402588,1949.7588400022341,2571.340189380757,4166.840444711538,0.07752403846153846,0.10123495757579803,0.28111428022384644,-120.87796783447266,112.94546508789062,6.467610836029053,8.457441329956055,12.978724479675293,-4.102439880371094,-2.220682382583618,-17.473169326782227,-6.4635396003723145,12.035601615905762,24.748579025268555,7.269066333770752,-6.511713981628418,good
good_atmo_medium_37.wav,0.34922686219215393,1889.9163887370346,2513.4810867177316,3900.9882061298076,0.07582256610576923,0.10557036101818085,0.29201483726501465,-114.64295196533203,117.7494125366211,5.999090194702148,6.3857035636901855,11.994699478149414,-5.341087818145752,-4.141805171966553,-18.98717498779297,-7.142960548400879,11.080180168151855,23.836763381958008,6.871721267700195,-6.068178176879883,good
good_atmo_medium_38.wav,0.38589176535606384,1899.2491164359258,2517.851205383617,3926.57958984375,0.07605919471153846,0.10630541294813156,0.2991843819618225,-112.6244888305664,116.74685668945312,5.004065036773682,6.484245300292969,11.28062629699707,-4.29935884475708,-3.010287284851074,-19.10452651977539,-5.6168670654296875,11.872969627380371,22.257251739501953,7.062331199645996,-5.877429008483887,good
good_atmo_medium_39.wav,0.3471258580684662,1800.919102426684,2456.984006873681,3642.258488581731,0.06756685697115385,0.12279441207647324,0.32730546593666077,-109.69136047363281,120.36776733398438,7.013615608215332,8.513962745666504,12.14947509765625,-5.01019287109375,-3.8744733333587646,-19.770553588867188,-6.978091239929199,11.725563049316406,20.834026336669922,5.778125762939453,-6.123847961425781,good
good_atmo_medium_4.wav,0.3189181685447693,1994.1481538437067,2638.904273889195,4463.253267728365,0.07032376802884616,0.10104499012231827,0.2687854468822479,-130.35655212402344,108.96017456054688,8.245847702026367,9.749920845031738,16.379812240600586,-4.5091023445129395,-4.203734397888184,-13.501774787902832,-0.9117173552513123,14.355454444885254,21.03289222717285,3.5968501567840576,-6.032605171203613,good
good_atmo_medium_40.wav,0.37974274158477783,1886.7619974124261,2515.2659625580854,3869.930701622596,0.07649864783653847,0.10743140429258347,0.3006161153316498,-112.5863265991211,117.41720581054688,5.76156759262085,6.987115859985352,11.870759010314941,-4.548816680908203,-2.7845170497894287,-18.35015869140625,-6.067647457122803,12.576228141784668,21.376989364624023,6.378028392791748,-5.181771278381348,good
good_atmo_medium_41.wav,0.37892526388168335,1852.6330321748324,2490.0163956469482,3776.261268028846,0.07279146634615384,0.11143425852060318,0.30372491478919983,-116.06654357910156,117.28791809082031,6.088311195373535,9.526690483093262,13.197566032409668,-5.313243865966797,-2.7688775062561035,-16.324216842651367,-5.533300876617432,12.929658889770508,24.671337127685547,6.899636745452881,-6.260561943054199,good
good_atmo_medium_42.wav,0.35959964990615845,1886.308302659807,2513.512298859019,3842.1031775841348,0.07232947716346154,0.11097940057516098,0.30302825570106506,-117.60044860839844,114.46565246582031,3.3863744735717773,9.173176765441895,14.987808227539062,-7.54541015625,-4.157787322998047,-14.895073890686035,-5.832239151000977,9.71288013458252,23.372652053833008,6.504941940307617,-7.772228240966797,good
good_atmo_medium_43.wav,0.361467570066452,1949.5148889326704,2547.8107773131023,4034.4940655048076,0.0782940204326923,0.10398507863283157,0.2851099669933319,-120.20234680175781,113.15792083740234,1.5126304626464844,6.58251428604126,13.710482597351074,-7.874701499938965,-2.4401965141296387,-15.207996368408203,-5.914743900299072,10.34662914276123,24.522167205810547,7.2366790771484375,-8.744217872619629,good
good_atmo_medium_44.wav,0.3499264419078827,1908.3253088949007,2507.1318341572887,3884.58984375,0.07714468149038461,0.10886405408382416,0.30191025137901306,-116.8505859375,114.256591796875,2.245208263397217,8.948052406311035,12.600018501281738,-8.86240291595459,-5.116481304168701,-17.08735466003418,-5.393424987792969,10.200163841247559,22.429601669311523,6.2589616775512695,-8.577272415161133,good
good_atmo_medium_45.wav,0.37611714005470276,1817.8662943181582,2473.2416689297015,3672.156512920673,0.06949744591346153,0.12854155898094177,0.3385516405105591,-115.84638214111328,117.6342544555664,5.4737548828125,10.208261489868164,13.661938667297363,-9.229652404785156,-3.988523483276367,-15.300007820129395,-2.6862924098968506,12.604458808898926,23.415180206298828,5.795802593231201,-9.278694152832031,good
good_atmo_medium_46.wav,0.3172244727611542,1846.2779317190925,2474.2179911961575,3755.2249849759614,0.0703125,0.12614476680755615,0.33556848764419556,-113.48435974121094,115.79460906982422,3.6925368309020996,9.679924964904785,13.289876937866211,-7.699520587921143,-5.869472026824951,-16.218122482299805,-4.4195098876953125,9.860540390014648,22.18177604675293,6.463430404663086,-8.415223121643066,good
good_atmo_medium_47.wav,0.38404107093811035,1874.7935137254728,2511.769057529571,3830.094275841346,0.07381310096153847,0.10704532265663147,0.29671531915664673,-116.25968933105469,116.53366088867188,5.081750392913818,8.285211563110352,11.21705150604248,-6.813055992126465,-1.7924386262893677,-14.539913177490234,-5.372169494628906,11.195221900939941,24.211515426635742,8.752653121948242,-6.105564117431641,good
good_atmo_medium_48.wav,0.3696167767047882,1853.869907900836,2488.3608232994025,3831.502216045673,0.07358022836538461,0.11422334611415863,0.30588337779045105,-114.86650848388672,116.1075439453125,7.19577169418335,9.897970199584961,10.352458000183105,-7.024028778076172,-2.780466079711914,-16.714933395385742,-6.753976821899414,12.15347957611084,23.167469024658203,7.204099655151367,-6.749667644500732,good
good_atmo_medium_49.wav,0.3821577727794647,1884.5544541619477,2481.328525120373,3849.6397986778848,0.07392578125,0.1074572503566742,0.2954263985157013,-111.56023406982422,115.90558624267578,4.088466167449951,8.519124984741211,9.788046836853027,-7.0364089012146,-4.180550575256348,-17.160505294799805,-5.165023326873779,12.3212251663208,21.547531127929688,7.206082820892334,-5.7509684562683105,good
good_atmo_medium_5.wav,0.33840683102607727,1872.8380582055058,2569.42854039061,4004.2647611177886,0.06272536057692307,0.1195928156375885,0.3098384439945221,-124.26385498046875,111.80559539794922,8.096280097961426,11.999312400817871,17.48509407043457,-4.810818195343018,-3.959444046020508,-13.992080688476562,-0.7354454398155212,13.760588645935059,22.357423782348633,5.237678527832031,-7.002857685089111,good
good_atmo_medium_50.wav,0.37655797600746155,1884.6876191438664,2508.574423105459,3869.930701622596,0.07450420673076923,0.10662315040826797,0.2979283332824707,-115.27411651611328,115.93798065185547,6.517676830291748,9.45418643951416,11.208728790283203,-7.307732582092285,-3.9060592651367188,-16.401201248168945,-6.337000370025635,11.445759773254395,21.924774169921875,7.67118501663208,-4.524564266204834,good
good_atmo_medium_51.wav,0.38428962230682373,1928.9927734445932,2515.7995256530544,4009.896521935096,0.07707707331730769,0.10225366055965424,0.2903674840927124,-114.5721435546875,114.58951568603516,4.324864864349365,7.96281623840332,9.473194122314453,-7.0027289390563965,-3.9520046710968018,-15.49199390411377,-4.078449726104736,12.124664306640625,21.779172897338867,6.429408550262451,-6.628455638885498,good
good_atmo_medium_52.wav,0.39020439982414246,1911.6758146153113,2502.01967390133,3937.8431114783652,0.07912409855769231,0.10351693630218506,0.2948741614818573,-112.2623519897461,115.84327697753906,4.806771278381348,8.39412784576416,7.574961185455322,-7.631943225860596,-2.123166561126709,-15.244979858398438,-4.654763698577881,11.729935646057129,21.769474029541016,8.160911560058594,-5.6789140701293945,good
good_atmo_medium_53.wav,0.3846205472946167,1854.3554555069793,2476.5115561298694,3758.951885516827,0.0744140625,0.11184076219797134,0.31021028757095337,-112.55279541015625,117.65107727050781,5.995198726654053,10.465052604675293,9.873025894165039,-8.535257339477539,-2.3069682121276855,-14.905379295349121,-4.609288692474365,13.426870346069336,21.516267776489258,6.583353519439697,-6.179605007171631,good
good_atmo_medium_54.wav,0.3511536717414856,1767.6503836315974,2389.814398633086,3508.5869891826924,0.06827298677884615,0.1343989223241806,0.36121270060539246,-106.64913177490234,118.5379867553711,2.8436923027038574,10.918070793151855,11.33597469329834,-7.499316215515137,-3.089601516723633,-16.66509246826172,-6.113038063049316,11.536874771118164,21.326780319213867,9.835538864135742,-1.7729252576828003,good
good_atmo_medium_55.wav,0.3776625394821167,1781.0767289793225,2452.967958357287,3634.2249474158652,0.06276667668269231,0.1277901828289032,0.34032121300697327,-112.94914245605469,117.37456512451172,6.883286476135254,11.63282585144043,12.1444091796875,-6.679337978363037,-2.317965269088745,-14.103842735290527,-4.729137420654297,12.567986488342285,23.190305709838867,8.559357643127441,-4.355865478515625,good
good_atmo_medium_56.wav,0.35757455229759216,1884.8183961264517,2541.6816797900415,3910.4296875,0.06714993990384616,0.11328081041574478,0.30179348587989807,-119.41777038574219,113.47557830810547,6.09598445892334,12.399642944335938,14.33326530456543,-8.484466552734375,-1.7482248544692993,-11.49637508392334,-3.478123903274536,11.608665466308594,22.094032287597656,5.974024295806885,-7.986855983734131,good
good_atmo_medium_57.wav,0.3628121316432953,1846.2063720609415,2506.709954439205,3823.965594951923,0.06695087139423077,0.11838075518608093,0.31910982728004456,-117.87647247314453,114.39950561523438,6.4900994300842285,11.949904441833496,13.06881332397461,-8.368406295776367,-3.0019569396972656,-14.075687408447266,-5.969257831573486,11.061308860778809,23.83262062072754,7.2064008712768555,-7.442658424377441,good
good_atmo_medium_58.wav,0.402753621339798,1768.050807933744,2450.705934703273,3552.564415564904,0.062180739182692304,0.12788204848766327,0.3362720012664795,-112.39787292480469,120.0360336303711,6.453606128692627,9.272954940795898,11.844067573547363,-8.26321792602539,-2.534759998321533,-13.673880577087402,-6.34526252746582,9.769049644470215,22.20113754272461,6.502284526824951,-8.86117935180664,good
good_atmo_medium_59.wav,0.34010449051856995,1849.6898868006879,2509.0927475419035,3843.9252178485576,0.06769080528846154,0.1206360012292862,0.32894307374954224,-117.19027709960938,116.05364990234375,6.975794315338135,9.650604248046875,13.26318645477295,-8.935063362121582,-6.0869460105896,-13.308919906616211,-5.624464988708496,9.659987449645996,22.776657104492188,5.472378253936768,-8.77647590637207,good
good_atmo_medium_6.wav,0.364524245262146,1844.827617137331,2548.695699024535,3940.990271935096,0.061835186298076925,0.12116265296936035,0.31023624539375305,-122.33533477783203,114.22533416748047,9.163238525390625,12.5445556640625,16.190114974975586,-5.458478927612305,-2.1263766288757324,-11.008321762084961,-0.19458307325839996,14.268952369689941,23.5142765045166,5.84813117980957,-6.195048809051514,good
good_atmo_medium_60.wav,0.3524671494960785,1934.588033774355,2554.6226387064808,4091.971153846154,0.07186748798076924,0.10958024859428406,0.29760676622390747,-121.00372314453125,111.95401763916016,3.7801079750061035,10.238591194152832,14.442227363586426,-7.142641067504883,-2.3564581871032715,-13.577683448791504,-7.110705375671387,9.852225303649902,24.137710571289062,6.210591793060303,-6.711892604827881,good
good_atmo_medium_61.wav,0.3194161057472229,1975.7825667374484,2541.2535112735764,4183.487267127404,0.0793194110576923,0.10403463989496231,0.28597694635391235,-117.18888092041016,111.31782531738281,1.807551622390747,9.95148754119873,11.770951271057129,-7.5869903564453125,-1.6299256086349487,-13.056024551391602,-3.7531704902648926,12.784296035766602,23.38743019104004,7.65983772277832,-7.665055751800537,good
good_atmo_medium_62.wav,0.3627385199069977,1831.8719190087736,2459.6481290356523,3708.5973182091348,0.07300180288461539,0.11607293039560318,0.3196869194507599,-111.48023223876953,118.89434814453125,4.810732841491699,8.507072448730469,10.003528594970703,-7.729878902435303,-2.5021774768829346,-14.518996238708496,-6.107106685638428,9.57120132446289,22.490234375,6.840989112854004,-9.308039665222168,good
good_atmo_medium_63.wav,0.3316487967967987,1815.9294470626041,2471.0368644096857,3698.4932767427886,0.07030123197115384,0.1214815229177475,0.314893901348114,-113.2287826538086,118.68147277832031,7.353715896606445,9.169955253601074,9.600652694702148,-9.346010208129883,-3.5991370677948,-13.211798667907715,-4.706247329711914,9.751815795898438,22.5965576171875,6.828145503997803,-7.109128952026367,good
good_atmo_medium_64.wav,0.36305585503578186,1832.4723500741866,2501.953739015704,3756.136005108173,0.06474609375,0.12161735445261002,0.3284994959831238,-116.16401672363281,117.15595245361328,6.708562850952148,9.258267402648926,11.507525444030762,-8.201542854309082,-1.7661436796188354,-12.951231956481934,-3.766997814178467,12.621672630310059,23.588882446289062,8.100997924804688,-6.45269775390625,good
good_atmo_medium_65.wav,0.3670288026332855,1890.898297131649,2536.7179436528286,3960.618614783654,0.06849083533653846,0.11427125334739685,0.3095040023326874,-119.00706481933594,113.76827239990234,5.315313339233398,11.01400375366211,13.78311824798584,-6.839604377746582,-1.164013385772705,-12.189788818359375,-2.2032320499420166,12.541044235229492,22.526390075683594,4.905603885650635,-7.168302536010742,good
good_atmo_medium_66.wav,0.34929129481315613,1777.3613516049343,2461.454040098287,3601.42822265625,0.060967548076923075,0.12666191160678864,0.3302507698535919,-114.94737243652344,118.55492401123047,6.294100284576416,10.824583053588867,12.10549259185791,-9.065536499023438,-2.5052242279052734,-12.995482444763184,-1.5512969493865967,13.051118850708008,22.92380142211914,5.006721019744873,-7.0514302253723145,good
good_atmo_medium_67.wav,0.3701680898666382,1859.6524065579667,2522.299051956132,3819.8245943509614,0.06539212740384616,0.12007364630699158,0.3167572021484375,-119.46404266357422,113.898193359375,4.989370346069336,11.615989685058594,14.858229637145996,-6.864005088806152,-0.5868851542472839,-13.470067977905273,-4.269883155822754,12.160710334777832,24.28957176208496,5.916558742523193,-7.495755672454834,good
good_atmo_medium_68.wav,0.3623828887939453,1813.8787054806062,2488.1654484153523,3716.713679387019,0.061290564903846156,0.13011112809181213,0.3390697240829468,-117.66389465332031,115.34276580810547,5.073825836181641,11.232606887817383,14.914453506469727,-5.172147274017334,-0.6518270969390869,-13.292071342468262,-2.883603572845459,12.761052131652832,24.83481788635254,6.521327495574951,-8.685882568359375,good
good_atmo_medium_69.wav,0.35871362686157227,1995.4333097946646,2585.098545170743,4235.5810546875,0.07382061298076924,0.10086463391780853,0.26720476150512695,-125.05461120605469,109.33734893798828,1.546481728553772,9.859033584594727,17.136730194091797,-3.368720054626465,0.31595754623413086,-13.38194465637207,-5.709284782409668,11.821249961853027,25.831880569458008,5.851043224334717,-9.361515998840332,good
good_atmo_medium_7.wav,0.32376858592033386,2016.6464459793938,2617.8435671525012,4435.674203725962,0.07928560697115385,0.09380137175321579,0.26457884907722473,-124.5225830078125,109.87835693359375,5.813483238220215,10.748655319213867,14.237054824829102,-7.708212375640869,-4.025458335876465,-14.423746109008789,-1.4911768436431885,13.706218719482422,22.50558090209961,4.7886834144592285,-7.620133876800537,good
good_atmo_medium_8.wav,0.30779406428337097,2004.0681165207807,2618.433670656992,4377.7830153245195,0.07715970552884616,0.10097912698984146,0.280393123626709,-125.44430541992188,110.54530334472656,6.673890590667725,8.398458480834961,14.348479270935059,-5.180382251739502,-3.0787551403045654,-19.053909301757812,-3.47769832611084,15.05679702758789,21.363821029663086,5.714889049530029,-4.415649890899658,good
good_atmo_medium_9.wav,0.3135243058204651,1986.089451793996,2601.686522128013,4282.291541466346,0.07576246995192308,0.10155212879180908,0.2805437445640564,-127.36325073242188,110.17342376708984,5.481204032897949,8.393546104431152,14.210111618041992,-7.237285137176514,-4.140156269073486,-15.405010223388672,-0.1778908371925354,16.374481201171875,22.045398712158203,4.429062843322754,-4.942580223083496,good
broken_atmo_medium_0.wav,0.3788076639175415,2434.533048290248,2446.2166440978062,4856.151404747596,0.13692908653846153,0.11771677434444427,0.3408105671405792,-87.4390640258789,95.70964050292969,3.1513776779174805,31.275529861450195,-21.304960250854492,9.034395217895508,1.56964910030365,-24.51925277709961,16.940532684326172,5.061810493469238,-7.4417924880981445,19.66286849975586,-10.537796974182129,broken
broken_atmo_medium_1.wav,0.3358692526817322,2402.145862508156,2465.007362647138,4861.12060546875,0.12888746995192307,0.1275891214609146,0.3644453287124634,-89.50951385498047,95.09034729003906,6.872267246246338,34.300384521484375,-21.217437744140625,8.63392162322998,2.9997329711914062,-22.270946502685547,17.09402847290039,2.5742430686950684,-9.101271629333496,20.5720272064209,-7.055924892425537,broken
broken_atmo_medium_10.wav,0.45144930481910706,2636.9980144535693,2523.544128045653,4909.073392427885,0.157177734375,0.09785338491201401,0.29538795351982117,-98.98748779296875,86.32431030273438,5.134080410003662,36.40748977661133,-17.913909912109375,12.501237869262695,7.701177597045898,-18.49585723876953,18.03497886657715,0.9090368151664734,-10.959638595581055,20.361906051635742,-7.846736431121826,broken
broken_atmo_medium_11.wav,0.42819276452064514,2734.6142913576637,2530.054625141002,4928.039175180288,0.1744403545673077,0.09041789174079895,0.2720453143119812,-101.6865463256836,83.13037872314453,3.5583229064941406,34.469120025634766,-20.387664794921875,10.253671646118164,6.823726177215576,-19.075679779052734,17.578643798828125,0.6731541156768799,-11.095664024353027,20.211111068725586,-6.808807373046875,broken
broken_atmo_medium_12.wav,0.4214317798614502,2645.4147951444734,2525.9284405288568,4909.073392427885,0.15364708533653845,0.10271629691123962,0.29781976342201233,-101.5392074584961,84.797607421875,4.687576770782471,36.03947448730469,-18.878995895385742,10.906545639038086,7.257410049438477,-18.1184139251709,18.419389724731445,0.667013943195343,-10.572895050048828,21.590219497680664,-5.881344318389893,broken
broken_atmo_medium_13.wav,0.4150192141532898,2730.1806616945605,2536.226285144184,4923.4840745192305,0.16289813701923078,0.0961206704378128,0.2809901237487793,-103.73975372314453,81.36454010009766,3.1400601863861084,35.98393630981445,-17.87040138244629,12.47096061706543,8.982489585876465,-18.450288772583008,16.99706268310547,-0.8196732997894287,-12.467350006103516,19.806167602539062,-6.909298896789551,broken
broken_atmo_medium_14.wav,0.41545140743255615,2642.3539367547796,2519.745695684664,4906.671612079327,0.15576547475961539,0.09969776123762131,0.29457736015319824,-99.95114135742188,85.4080810546875,3.722808837890625,34.26236343383789,-18.58645248413086,12.581803321838379,6.8336944580078125,-20.52862548828125,16.887571334838867,1.1704094409942627,-11.244321823120117,19.659229278564453,-6.729328632354736,broken
broken_atmo_medium_15.wav,0.42223507165908813,2685.119684198673,2529.6212516910127,4916.361553485577,0.15228365384615383,0.10129456222057343,0.29233884811401367,-102.2262954711914,83.3530044555664,4.7119460105896,35.266632080078125,-19.4606990814209,11.390185356140137,7.243239879608154,-20.41549301147461,15.887612342834473,-0.0423065610229969,-10.995095252990723,21.466733932495117,-6.312893390655518,broken
broken_atmo_medium_16.wav,0.41939306259155273,2615.4259939708136,2537.445793231233,4905.677771935096,0.13450270432692307,0.11563314497470856,0.32668817043304443,-103.20255279541016,83.56028747558594,6.39805793762207,38.291934967041016,-15.91357421875,15.471911430358887,10.856114387512207,-17.232240676879883,18.733692169189453,-0.36250248551368713,-12.681982040405273,20.27862548828125,-6.4230122566223145,broken
broken_atmo_medium_17.wav,0.41216540336608887,2665.0000425239705,2528.906699898949,4908.907752403846,0.1571739783653846,0.10149755328893661,0.2965833842754364,-102.08161163330078,84.0521469116211,5.606400012969971,37.3342399597168,-18.653125762939453,12.27627182006836,8.914329528808594,-18.531978607177734,16.957313537597656,-1.073176383972168,-12.779952049255371,19.912485122680664,-6.793339729309082,broken
broken_atmo_medium_18.wav,0.436784565448761,2703.749684935791,2518.1645722496646,4913.9597731370195,0.16537334735576922,0.09655365347862244,0.28206515312194824,-102.19117736816406,83.72640991210938,3.798034429550171,35.1295166015625,-20.068872451782227,12.406765937805176,8.079354286193848,-18.76633071899414,17.8388671875,0.6055213212966919,-11.954146385192871,20.014822006225586,-6.363200664520264,broken
broken_atmo_medium_19.wav,0.4027048349380493,2565.661827539286,2506.4979796150997,4890.356069711538,0.14866286057692307,0.10985653102397919,0.31723731756210327,-96.86029815673828,89.35790252685547,7.3930182456970215,35.65812683105469,-20.92442512512207,9.475987434387207,5.771275043487549,-20.59967803955078,16.707504272460938,0.3230783939361572,-10.963412284851074,20.444719314575195,-7.510491847991943,broken
broken_atmo_medium_2.wav,0.383076936006546,2512.4882101477197,2485.7121873501064,4882.156888521635,0.1409367487980769,0.11342497169971466,0.33140847086906433,-91.6736831665039,92.06160736083984,4.575107097625732,32.52690505981445,-20.714920043945312,9.673651695251465,4.5168776512146,-21.56916618347168,17.52007484436035,3.317209005355835,-8.689878463745117,21.12521743774414,-7.451148986816406,broken
broken_atmo_medium_20.wav,0.4476871192455292,2584.101169528802,2511.9252596455635,4894.911170372596,0.15440579927884615,0.10269903391599655,0.3007473349571228,-98.10027313232422,89.09463500976562,6.841613292694092,36.501502990722656,-19.4473819732666,11.794574737548828,7.309730052947998,-19.39939308166504,17.279817581176758,0.5754529237747192,-11.464916229248047,20.331523895263672,-7.606963634490967,broken
broken_atmo_medium_21.wav,0.42510536313056946,2576.69816256572,2505.6949619171414,4894.4970703125,0.14817833533653846,0.1056225374341011,0.30634841322898865,-95.3934326171875,89.81163024902344,5.317353248596191,34.75521469116211,-19.846025466918945,11.282135009765625,6.840365409851074,-19.25789451599121,17.695470809936523,1.3124077320098877,-10.640817642211914,19.216379165649414,-8.59874153137207,broken
broken_atmo_medium_22.wav,0.41620150208473206,2576.284963923583,2508.686183285457,4889.445049579327,0.1492225060096154,0.1098613515496254,0.31617698073387146,-96.88847351074219,88.44376373291016,4.903234004974365,33.94646072387695,-20.363567352294922,10.434501647949219,6.925926685333252,-17.437026977539062,20.622583389282227,3.9121644496917725,-9.089983940124512,21.46140480041504,-7.829982280731201,broken
broken_atmo_medium_23.wav,0.4691987633705139,2602.160035713169,2509.225497802649,4899.052170973558,0.15074744591346154,0.1019502654671669,0.29618802666664124,-96.7068099975586,88.33187866210938,3.963458776473999,34.65153503417969,-20.10051155090332,9.543424606323242,6.532064914703369,-18.145553588867188,19.375030517578125,3.16051983833313,-8.317760467529297,22.04083824157715,-6.860715866088867,broken
broken_atmo_medium_24.wav,0.4123418629169464,2642.0821461738133,2515.8333347318257,4902.364971454327,0.15792142427884615,0.10009241104125977,0.2923092246055603,-98.88520812988281,86.1619873046875,3.2584121227264404,33.686336517333984,-20.557966232299805,10.79122257232666,7.427909851074219,-18.86060333251953,18.457530975341797,2.80617356300354,-9.761993408203125,20.7861328125,-7.123827934265137,broken
broken_atmo_medium_25.wav,0.4691477417945862,2681.3541513422974,2531.9935775864224,4918.017953725962,0.158251953125,0.09732861071825027,0.287606805562973,-101.33548736572266,84.264892578125,3.913933277130127,34.751068115234375,-18.783132553100586,12.916306495666504,9.039669036865234,-17.728971481323242,19.372892379760742,2.8708181381225586,-9.036678314208984,21.267858505249023,-7.374762535095215,broken
broken_atmo_medium_26.wav,0.46570026874542236,2630.4768125115042,2522.676260881596,4902.696251502404,0.15382361778846154,0.10149592161178589,0.30359703302383423,-99.66148376464844,86.20681762695312,5.011667728424072,35.63541793823242,-19.567907333374023,11.817902565002441,7.728606700897217,-18.30462074279785,19.137733459472656,2.2532763481140137,-10.069807052612305,21.33387565612793,-6.058844089508057,broken
broken_atmo_medium_27.wav,0.46429443359375,2592.851771213717,2517.9478531626605,4897.230130709135,0.14541766826923078,0.10700298100709915,0.3094214200973511,-98.58766174316406,87.16545104980469,5.016225337982178,35.2940788269043,-18.647321701049805,13.28954792022705,9.328027725219727,-17.00359535217285,20.10939598083496,2.965772867202759,-9.23961067199707,21.4622859954834,-7.2616143226623535,broken
broken_atmo_medium_28.wav,0.38577795028686523,2521.9973332285226,2500.500326243013,4885.8009690504805,0.14217247596153845,0.11266473680734634,0.3303386867046356,-95.73060607910156,90.1408920288086,6.832155227661133,36.360145568847656,-19.316919326782227,10.064009666442871,4.7936577796936035,-21.060338973999023,16.580909729003906,0.5940274596214294,-10.523571014404297,20.449207305908203,-7.465617656707764,broken
broken_atmo_medium_29.wav,0.4252201318740845,2595.675509408551,2507.0848179474824,4898.223970853365,0.1534705528846154,0.10207227617502213,0.30332711338996887,-97.72026824951172,87.69900512695312,4.82676887512207,34.72781753540039,-20.419111251831055,9.4198579788208,4.707125663757324,-21.65142059326172,15.76828384399414,0.3470994234085083,-10.538399696350098,21.60822105407715,-5.66226053237915,broken
broken_atmo_medium_3.wav,0.4453696310520172,2573.845134247594,2509.451384898599,4892.012469951923,0.13950946514423077,0.11288534104824066,0.3173584043979645,-97.392822265625,87.48625183105469,4.3129472732543945,34.879241943359375,-19.30130386352539,12.327942848205566,8.380521774291992,-17.616085052490234,19.573490142822266,3.8355274200439453,-9.184170722961426,20.051469802856445,-9.040356636047363,broken
broken_atmo_medium_30.wav,0.4525727927684784,2623.538411415861,2526.3831604984016,4906.671612079327,0.15406400240384616,0.10178939998149872,0.3030930757522583,-100.2471923828125,86.55178833007812,5.8882527351379395,35.72998809814453,-20.121868133544922,10.34128475189209,7.23822021484375,-18.376615524291992,17.50963020324707,0.3218284547328949,-10.300384521484375,22.35405921936035,-5.791139602661133,broken
broken_atmo_medium_31.wav,0.4404781758785248,2577.04699967174,2526.9697187754737,4898.638070913462,0.15050706129807692,0.10499145835638046,0.30774158239364624,-98.8770751953125,87.51309204101562,7.240473747253418,37.29951477050781,-17.789201736450195,11.002904891967773,6.8017144203186035,-19.284746170043945,16.88968276977539,0.4739242494106293,-10.434053421020508,20.934633255004883,-7.049831867218018,broken
broken_atmo_medium_32.wav,0.4106130301952362,2666.3281160410584,2519.829284064231,4909.321852463942,0.1630145733173077,0.0956934317946434,0.2782764732837677,-100.27315521240234,85.86247253417969,3.7745437622070312,34.0572509765625,-20.935800552368164,9.344677925109863,6.515563488006592,-19.35497283935547,17.310226440429688,1.4496139287948608,-9.944962501525879,20.633642196655273,-7.973508834838867,broken
broken_atmo_medium_33.wav,0.440660685300827,2593.788240894318,2507.730050179532,4895.408090444712,0.15169771634615384,0.10236995667219162,0.2985478341579437,-96.9314956665039,88.29579162597656,3.966006278991699,33.66844940185547,-21.301429748535156,8.026776313781738,4.921210289001465,-20.282024383544922,17.0267391204834,1.6353262662887573,-9.661727905273438,21.27712631225586,-6.496626377105713,broken
broken_atmo_medium_34.wav,0.4342820644378662,2719.594081360724,2535.2510729313326,4925.388934795673,0.16432166466346154,0.09383749216794968,0.2842021584510803,-104.74274444580078,81.466064453125,3.1709182262420654,36.12507629394531,-17.687992095947266,14.194801330566406,10.733165740966797,-16.446575164794922,18.215299606323242,0.518314003944397,-11.046663284301758,21.74018096923828,-5.411836624145508,broken
broken_atmo_medium_35.wav,0.40597042441368103,2659.437849943191,2526.4395602021436,4912.634652944712,0.15391000600961538,0.10024593770503998,0.3007168769836426,-101.86712646484375,84.20268249511719,3.712886095046997,34.27450942993164,-19.2205867767334,12.193733215332031,8.167314529418945,-18.486974716186523,18.67813491821289,2.1321969032287598,-10.733309745788574,20.544401168823242,-7.787590026855469,broken
broken_atmo_medium_36.wav,0.40421947836875916,2670.293650452576,2532.489249660352,4917.521033653846,0.1576434795673077,0.09883255511522293,0.2929220199584961,-102.55282592773438,84.02912902832031,4.89707088470459,36.34031677246094,-18.20804786682129,13.361725807189941,10.032505989074707,-17.713979721069336,17.77461814880371,0.4218612015247345,-11.310959815979004,20.801334381103516,-6.715167999267578,broken
broken_atmo_medium_37.wav,0.4101632535457611,2692.1277284551657,2529.00368429573,4915.698993389423,0.15405649038461539,0.1004624143242836,0.29350486397743225,-104.09490203857422,82.59873962402344,3.670853853225708,34.74485778808594,-20.861188888549805,11.417515754699707,9.434733390808105,-16.71617317199707,18.597686767578125,1.0820683240890503,-10.342331886291504,21.783935546875,-7.008834362030029,broken
broken_atmo_medium_38.wav,0.46583572030067444,2621.8119613450494,2509.6855818587,4897.064490685096,0.1555701622596154,0.09954307973384857,0.29781123995780945,-98.06175994873047,87.51310729980469,4.292746067047119,34.489288330078125,-20.2380428314209,10.186904907226562,6.182482719421387,-19.602441787719727,19.58702278137207,4.314385414123535,-8.478373527526855,21.399438858032227,-7.11010217666626,broken
broken_atmo_medium_39.wav,0.4633275866508484,2655.5646261861493,2525.024618199139,4907.4169921875,0.16084359975961537,0.0961916446685791,0.29584771394729614,-99.70608520507812,85.63447570800781,4.388002872467041,35.69565963745117,-19.19623565673828,11.37574577331543,7.793848037719727,-18.679330825805664,17.886688232421875,1.414365291595459,-9.157784461975098,22.614368438720703,-5.8849196434021,broken
broken_atmo_medium_4.wav,0.41752946376800537,2427.463780908144,2482.4616899496536,4867.414926382212,0.12923302283653845,0.12615370750427246,0.36117708683013916,-93.30079650878906,92.84152221679688,6.722902297973633,34.8747673034668,-20.29553985595703,10.34057903289795,5.46397066116333,-19.90111541748047,19.265470504760742,3.6184659004211426,-9.011371612548828,20.937665939331055,-7.2127580642700195,broken
broken_atmo_medium_40.wav,0.4042139947414398,2597.4493913486267,2510.064420026575,4894.000150240385,0.15628380408653847,0.10161972790956497,0.3025059103965759,-96.86711120605469,88.92964935302734,6.254449844360352,34.81493377685547,-20.571239471435547,9.9028959274292,4.958370208740234,-21.692079544067383,15.970483779907227,0.9968724250793457,-10.199280738830566,21.219310760498047,-6.977350234985352,broken
broken_atmo_medium_41.wav,0.4045811593532562,2517.610806507707,2485.8791479004735,4881.163048377404,0.1498309795673077,0.10691516846418381,0.3209380805492401,-92.362060546875,92.15707397460938,5.121814727783203,33.89545440673828,-20.773929595947266,8.882357597351074,4.210947036743164,-22.135780334472656,16.437314987182617,2.602506399154663,-8.803807258605957,21.81287384033203,-6.680773735046387,broken
broken_atmo_medium_42.wav,0.38571831583976746,2441.9730542415737,2463.1729528835976,4864.599045973558,0.13621168870192307,0.11679783463478088,0.336351603269577,-89.78903198242188,95.3468017578125,5.669431686401367,33.72029113769531,-20.494369506835938,8.757999420166016,2.376013994216919,-23.377422332763672,15.52822494506836,1.8131026029586792,-9.39046573638916,20.100984573364258,-8.333513259887695,broken
broken_atmo_medium_43.wav,0.3733648955821991,2487.7347022275467,2486.654516012975,4877.104867788462,0.1409893329326923,0.11047621816396713,0.32595938444137573,-91.8505859375,93.10424041748047,6.239872932434082,33.89558410644531,-19.9780216217041,9.3138427734375,3.7684202194213867,-23.226701736450195,16.09406089782715,1.9954218864440918,-10.023592948913574,19.942584991455078,-7.867987632751465,broken
broken_atmo_medium_44.wav,0.4455970227718353,2567.4319354212585,2512.3145388104244,4892.923490084135,0.15203575721153847,0.1008557453751564,0.3038494288921356,-96.22298431396484,90.65737915039062,6.882603168487549,35.12925338745117,-20.219865798950195,10.094793319702148,6.181008338928223,-20.47333335876465,16.59395980834961,1.7857437133789062,-9.244229316711426,21.59736442565918,-7.59281587600708,broken
broken_atmo_medium_45.wav,0.42485836148262024,2512.195951345298,2495.1887104267416,4883.067908653846,0.1415076622596154,0.10959842056035995,0.3188440501689911,-94.84620666503906,90.93180847167969,5.741647720336914,34.547821044921875,-20.16269302368164,9.166654586791992,3.889275074005127,-21.836511611938477,16.865909576416016,2.366849422454834,-9.083561897277832,21.63311767578125,-6.17875337600708,broken
broken_atmo_medium_46.wav,0.4023951590061188,2601.6920363416593,2510.5627619056945,4897.230130709135,0.14552659254807693,0.10536421090364456,0.30361035466194153,-98.5330581665039,86.76705169677734,3.768812894821167,33.238853454589844,-20.7242374420166,10.036882400512695,6.18229341506958,-20.220027923583984,16.52214813232422,0.6387631893157959,-10.942421913146973,20.33677101135254,-7.002959728240967,broken
broken_atmo_medium_47.wav,0.40768882632255554,2557.4786538767353,2498.0082357110064,4887.208909254808,0.1427020733173077,0.10744079202413559,0.3003823161125183,-96.00518798828125,89.31749725341797,4.4844818115234375,32.95127868652344,-22.036178588867188,8.064726829528809,4.507666110992432,-21.210147857666016,16.53961753845215,0.9329405426979065,-10.12806510925293,21.13042449951172,-6.771597862243652,broken
broken_atmo_medium_48.wav,0.40264013409614563,2545.981867286845,2501.454994664328,4888.948129507212,0.14234900841346154,0.10825493186712265,0.30606138706207275,-96.03382110595703,89.18514251708984,5.552909851074219,34.44401931762695,-20.80221939086914,8.057125091552734,3.4482858180999756,-22.17442512512207,16.418113708496094,1.641141653060913,-9.491864204406738,20.903926849365234,-7.0133376121521,broken
broken_atmo_medium_49.wav,0.36293214559555054,2426.9840523600474,2464.8080296690805,4833.12744140625,0.13174954927884616,0.1363668590784073,0.3804607689380646,-91.58148956298828,92.58792114257812,5.518407821655273,34.231082916259766,-19.581554412841797,9.001911163330078,3.753962516784668,-21.48236846923828,16.497941970825195,2.918801784515381,-8.45024585723877,20.21612548828125,-9.257369041442871,broken
broken_atmo_medium_5.wav,0.35849446058273315,2477.2619686920552,2498.7152084376576,4876.690767728365,0.12426382211538461,0.12542490661144257,0.34767791628837585,-95.48818969726562,90.16177368164062,6.522825717926025,36.08147430419922,-19.502105712890625,10.482453346252441,5.653522491455078,-20.776569366455078,17.636850357055664,2.3312344551086426,-9.712172508239746,21.77651023864746,-6.508541107177734,broken
broken_atmo_medium_50.wav,0.40910017490386963,2509.9927015465414,2492.178337097492,4880.997408353365,0.13900615985576922,0.11129958927631378,0.32298538088798523,-94.15211486816406,91.10352325439453,4.9398345947265625,34.18541717529297,-20.01862144470215,9.345474243164062,4.878077030181885,-21.3824405670166,16.123579025268555,1.3013195991516113,-8.973896026611328,22.187986373901367,-6.9808855056762695,broken
broken_atmo_medium_51.wav,0.43172121047973633,2497.523424752028,2497.6937191295674,4874.288987379808,0.14361853966346153,0.11159006506204605,0.32436656951904297,-94.56684875488281,91.74708557128906,6.817057132720947,34.502952575683594,-21.461267471313477,7.325961589813232,4.762406826019287,-20.626522064208984,17.09005355834961,1.7585723400115967,-9.308335304260254,21.74320411682129,-7.438961505889893,broken
broken_atmo_medium_52.wav,0.41206997632980347,2493.307845717913,2488.6525319473067,4875.365647536058,0.14081280048076922,0.11057981103658676,0.3176409900188446,-91.27759552001953,92.8422622680664,4.633641242980957,32.37297821044922,-20.18114471435547,8.779420852661133,2.723336696624756,-21.953372955322266,17.953330993652344,3.6413166522979736,-9.30196475982666,19.16570472717285,-9.239336013793945,broken
broken_atmo_medium_53.wav,0.4463319480419159,2512.3453021198957,2490.457689474358,4879.755108173077,0.14229266826923076,0.1050138920545578,0.3076072037220001,-92.9566421508789,92.49223327636719,5.4997239112854,34.665061950683594,-20.004615783691406,8.523670196533203,3.631547212600708,-21.793920516967773,17.467365264892578,3.1579625606536865,-8.988231658935547,21.597190856933594,-6.727782249450684,broken
broken_atmo_medium_54.wav,0.4273079037666321,2477.709383813723,2478.8410873210423,4871.638746995192,0.1452899639423077,0.10751863569021225,0.3205702602863312,-90.51557922363281,93.69021606445312,4.971366882324219,34.126461029052734,-20.12286949157715,7.9884796142578125,3.5422215461730957,-21.3820858001709,17.279714584350586,3.663203477859497,-8.42750358581543,19.553804397583008,-9.39133071899414,broken
broken_atmo_medium_55.wav,0.45856186747550964,2551.674041505406,2485.681032828385,4885.055588942308,0.15433819110576924,0.10012416541576385,0.2977926433086395,-91.9947738647461,92.0925064086914,3.1367619037628174,32.05241775512695,-21.863052368164062,7.968863487243652,4.3160552978515625,-20.570791244506836,17.99711036682129,3.8468708992004395,-8.320915222167969,20.315900802612305,-8.8888521194458,broken
broken_atmo_medium_56.wav,0.4210284948348999,2436.63946661288,2471.1949657940395,4865.013146033654,0.13793569711538461,0.11164204776287079,0.3236099183559418,-88.93384552001953,96.03502655029297,5.393704414367676,32.65879440307617,-20.93016815185547,8.888482093811035,4.814201354980469,-20.894914627075195,17.55731201171875,3.092228889465332,-8.470588684082031,20.267539978027344,-8.937885284423828,broken
broken_atmo_medium_57.wav,0.39361974596977234,2465.1198242477544,2467.1715099871503,4865.095966045673,0.14011793870192307,0.11448702961206436,0.33390021324157715,-90.8069839477539,93.55728912353516,4.433584213256836,34.00370407104492,-20.541454315185547,8.093027114868164,3.342642068862915,-22.62456512451172,16.080551147460938,2.338416576385498,-8.87430477142334,20.762004852294922,-7.424724102020264,broken
broken_atmo_medium_58.wav,0.3708612024784088,2275.5129271342266,2428.3290355085487,4804.0576171875,0.11487004206730769,0.14266817271709442,0.40577515959739685,-83.64350891113281,98.74066162109375,5.853071212768555,34.979679107666016,-19.271608352661133,7.697500228881836,4.222951889038086,-20.48618507385254,17.599123001098633,4.473262310028076,-5.811863422393799,22.28095245361328,-7.009863376617432,broken
broken_atmo_medium_59.wav,0.4297654330730438,2455.0560490257203,2500.5783179542045,4876.359487680288,0.12655123197115384,0.11994849145412445,0.3380909860134125,-94.68478393554688,92.04100799560547,7.716566562652588,36.175376892089844,-19.102569580078125,11.306869506835938,7.891284942626953,-17.880916595458984,18.629819869995117,2.2107088565826416,-9.303689002990723,21.110260009765625,-7.375080585479736,broken
broken_atmo_medium_6.wav,0.3753807544708252,2441.103881442332,2497.749001126494,4866.5867262620195,0.11706730769230769,0.1344231516122818,0.36786937713623047,-94.69343566894531,90.25334930419922,6.6209282875061035,35.87520980834961,-18.630149841308594,12.00210189819336,8.068273544311523,-17.922504425048828,19.99015998840332,4.349796295166016,-8.081280708312988,21.911693572998047,-6.7776875495910645,broken
broken_atmo_medium_60.wav,0.40411150455474854,2528.6543066783693,2505.968834593689,4885.8009690504805,0.13858548677884616,0.1121591106057167,0.32249215245246887,-97.5295639038086,89.38294982910156,5.787517070770264,33.97277069091797,-20.750123977661133,9.728371620178223,7.363327980041504,-19.27859878540039,17.19332504272461,0.6963397860527039,-9.599069595336914,22.260608673095703,-7.1916069984436035,broken
broken_atmo_medium_61.wav,0.3865445554256439,2367.305190263868,2476.7908522893645,4851.016564002404,0.1216571514423077,0.12520252168178558,0.3619330823421478,-90.58467864990234,95.89048767089844,8.607534408569336,35.85896682739258,-18.65314483642578,10.285148620605469,5.53209924697876,-21.038246154785156,15.587794303894043,0.37943360209465027,-10.666279792785645,19.215538024902344,-8.877787590026855,broken
broken_atmo_medium_62.wav,0.3773948550224304,2376.694141214579,2468.0498637030482,4844.970703125,0.11504281850961538,0.13175784051418304,0.36327382922172546,-91.28555297851562,95.0669174194336,7.243470191955566,34.295223236083984,-21.333768844604492,8.187244415283203,4.528173446655273,-20.45652198791504,17.210018157958984,1.5113041400909424,-10.223575592041016,20.487316131591797,-7.593705654144287,broken
broken_atmo_medium_63.wav,0.43017005920410156,2621.814093657821,2525.128205921866,4904.601111778846,0.15108548677884615,0.10190793871879578,0.29761427640914917,-100.13955688476562,86.46369934082031,5.833187103271484,34.95948791503906,-20.410802841186523,9.416362762451172,6.543652057647705,-20.222822189331055,15.257547378540039,-1.4284673929214478,-11.327000617980957,21.945423126220703,-5.863749027252197,broken
broken_atmo_medium_64.wav,0.482517272233963,2688.1627252810968,2532.6836340827385,4912.7174729567305,0.1624774639423077,0.0988432839512825,0.284900426864624,-104.936279296875,82.73298645019531,3.9173412322998047,36.3063850402832,-17.856592178344727,12.946442604064941,10.358418464660645,-16.5655574798584,18.39495086669922,0.20996081829071045,-10.854785919189453,22.00164794921875,-5.921224117279053,broken
broken_atmo_medium_65.wav,0.3609190285205841,2413.4389138727574,2447.4976607881154,4845.136343149038,0.13405198317307693,0.1181136891245842,0.34803637862205505,-87.72357177734375,96.76769256591797,4.283409595489502,30.973173141479492,-21.626201629638672,9.192666053771973,3.161423444747925,-23.36441993713379,16.033342361450195,3.6354994773864746,-7.336666584014893,20.881731033325195,-9.783756256103516,broken
broken_atmo_medium_66.wav,0.3465935289859772,2404.756411567715,2467.156199316948,4852.258864182692,0.12811373197115383,0.123725026845932,0.3496907651424408,-91.00115203857422,95.29685974121094,7.95762300491333,35.0193977355957,-21.05511474609375,8.17129135131836,3.45530104637146,-23.177322387695312,15.297000885009766,1.3383818864822388,-9.176995277404785,21.65828514099121,-7.096928119659424,broken
broken_atmo_medium_67.wav,0.371944785118103,2458.690320823267,2473.629875716299,4863.522385817308,0.13360126201923078,0.11729007214307785,0.33244821429252625,-90.89492797851562,94.05763244628906,5.540716648101807,33.93616485595703,-20.825838088989258,9.154121398925781,5.341866493225098,-21.321847915649414,16.91123390197754,3.1137313842773438,-7.974196434020996,21.959396362304688,-7.24177360534668,broken
broken_atmo_medium_68.wav,0.4385579526424408,2553.4855086330576,2511.1045806198194,4884.972768930288,0.13499849759615384,0.11300353705883026,0.31423404812812805,-97.24528503417969,88.3758544921875,5.679136276245117,35.78927230834961,-19.743310928344727,11.020991325378418,8.618398666381836,-17.440155029296875,18.33106803894043,2.2746899127960205,-8.7627592086792,21.860572814941406,-7.445218563079834,broken
broken_atmo_medium_69.wav,0.40325042605400085,2428.4466094072504,2487.6947917845414,4862.031625600962,0.12650240384615385,0.12114743143320084,0.348885178565979,-93.68802642822266,92.93401336669922,7.271209239959717,35.082611083984375,-20.15843963623047,9.450364112854004,5.7323760986328125,-19.66135025024414,18.31082534790039,2.8507745265960693,-7.997045040130615,21.82862091064453,-6.5582170486450195,broken
broken_atmo_medium_7.wav,0.4070743918418884,2676.1163273373268,2527.0171406101595,4912.303372896635,0.15399639423076922,0.10127083957195282,0.29061228036880493,-101.44157409667969,83.81135559082031,4.13306999206543,35.803951263427734,-18.26654815673828,12.79024600982666,8.12769603729248,-18.75187110900879,17.972421646118164,0.7965445518493652,-12.014069557189941,18.413116455078125,-9.024192810058594,broken
broken_atmo_medium_70.wav,0.3464600443840027,2420.685923074563,2494.2547502356715,4868.822866586538,0.11596304086538461,0.12981732189655304,0.35300955176353455,-95.47463989257812,91.66791534423828,7.580226421356201,36.450355529785156,-18.834705352783203,10.364047050476074,6.200809478759766,-20.80051612854004,15.949214935302734,0.7710985541343689,-8.52361011505127,22.371450424194336,-6.5595479011535645,broken
broken_atmo_medium_71.wav,0.4030744433403015,2394.997141865016,2497.0429066914635,4857.642164963942,0.11087740384615384,0.13515479862689972,0.3668970465660095,-95.89830017089844,92.15176391601562,9.293575286865234,37.61069869995117,-19.019899368286133,11.597888946533203,9.562593460083008,-16.378047943115234,19.096250534057617,2.5851821899414062,-7.54263162612915,23.73408317565918,-5.739004135131836,broken
broken_atmo_medium_72.wav,0.414003849029541,2588.2283337097615,2514.218355472998,4893.751690204327,0.14521859975961537,0.1049085408449173,0.30615732073783875,-99.51759338378906,87.64280700683594,5.261054992675781,35.78120422363281,-18.395421981811523,12.737018585205078,9.123294830322266,-18.503572463989258,18.08632469177246,1.230743646621704,-11.186103820800781,19.913972854614258,-8.314303398132324,broken
broken_atmo_medium_73.wav,0.39794981479644775,2602.268783544517,2529.990003249731,4903.524451622596,0.14134990985576923,0.10686016082763672,0.3125944137573242,-102.1882095336914,85.41497802734375,6.3045806884765625,38.269142150878906,-16.666812896728516,13.217037200927734,10.489828109741211,-16.916147232055664,16.707136154174805,-1.5270112752914429,-12.511602401733398,20.23799705505371,-7.393198013305664,broken
broken_atmo_medium_8.wav,0.3795255124568939,2657.1629803637366,2520.285539290873,4909.6531325120195,0.15247145432692308,0.1063927412033081,0.3094533681869507,-102.137451171875,83.16277313232422,4.059276580810547,37.2868537902832,-16.833236694335938,14.808399200439453,9.49609375,-17.917390823364258,18.02263832092285,-0.5318489670753479,-13.058051109313965,18.825132369995117,-7.586815357208252,broken
broken_atmo_medium_9.wav,0.44314226508140564,2476.9857369670826,2513.3380509750677,4876.19384765625,0.1238055889423077,0.1309131681919098,0.3579704761505127,-98.42559814453125,87.52796173095703,6.66347599029541,38.226322174072266,-17.051332473754883,13.628326416015625,9.870772361755371,-16.31052017211914,20.103511810302734,3.559450149536133,-7.837188243865967,22.851707458496094,-5.267714977264404,broken
heavyload_atmo_medium_0.wav,0.18232664465904236,1187.1952474081468,2085.2757905009344,2064.2059795673076,0.035160006009615385,0.2455015927553177,0.5524228811264038,-137.8725128173828,130.2420196533203,25.771747589111328,21.324583053588867,5.949145317077637,-7.240612506866455,-7.137711524963379,-14.283730506896973,2.6853554248809814,14.521471977233887,23.61590576171875,22.557767868041992,-5.415409564971924,heavyload
heavyload_atmo_medium_1.wav,0.20294037461280823,1148.9989260575123,2088.365534377383,1961.9232647235576,0.03245192307692308,0.24694715440273285,0.5806210041046143,-142.84957885742188,130.40826416015625,32.3526725769043,25.428129196166992,6.7569098472595215,-8.347590446472168,-6.979759693145752,-12.308588981628418,1.3870389461517334,11.309418678283691,22.310121536254883,21.29239273071289,-4.619985103607178,heavyload
heavyload_atmo_medium_10.wav,0.1563548594713211,1204.6311398429766,2181.970901872781,2330.637958233173,0.036136568509615385,0.2399304062128067,0.5600799322128296,-154.92169189453125,122.07280731201172,33.999908447265625,31.8673152923584,12.35926628112793,-11.099489212036133,-6.647212982177734,-8.880085945129395,2.9465456008911133,9.184917449951172,25.189184188842773,25.094242095947266,-4.488162994384766,heavyload
heavyload_atmo_medium_11.wav,0.14773310720920563,1267.9536953231293,2234.170790049068,2539.510028545673,0.03801457331730769,0.2362498939037323,0.5260709524154663,-158.6083984375,116.7305908203125,32.09181594848633,30.33413314819336,10.38204288482666,-11.489891052246094,-8.370466232299805,-12.317456245422363,2.76977801322937,10.261018753051758,24.633703231811523,26.046607971191406,-3.062012195587158,heavyload
heavyload_atmo_medium_12.wav,0.1558428257703781,1227.8613936743382,2211.9337078685685,2438.0555138221152,0.037601412259615385,0.23894228041172028,0.5280082821846008,-160.82518005371094,117.11746978759766,34.229469299316406,34.37186813354492,12.955799102783203,-12.834540367126465,-8.375700950622559,-9.932072639465332,3.7723796367645264,7.696442604064941,23.544082641601562,28.03986930847168,-1.6627980470657349,heavyload
heavyload_atmo_medium_13.wav,0.14940181374549866,1226.2435759784425,2206.2142446479834,2441.451134314904,0.038660606971153845,0.23898625373840332,0.555060625076294,-161.91766357421875,116.02787017822266,33.636051177978516,34.629844665527344,13.41169261932373,-12.227069854736328,-8.93789291381836,-11.818378448486328,2.95335054397583,8.673768043518066,24.356462478637695,28.120849609375,-1.467063069343567,heavyload
heavyload_atmo_medium_14.wav,0.15461398661136627,1236.8108430156099,2202.8151741959864,2426.9576322115386,0.03885967548076923,0.23942656815052032,0.5355854034423828,-158.90757751464844,117.00190734863281,31.763349533081055,31.89301300048828,13.232789993286133,-9.469844818115234,-9.294331550598145,-14.626142501831055,1.2109791040420532,9.993524551391602,24.169382095336914,25.793359756469727,-2.7811214923858643,heavyload
heavyload_atmo_medium_15.wav,0.15163064002990723,1215.800107412535,2189.8493234566163,2338.2573993389424,0.03897986778846154,0.2430790662765503,0.5460793375968933,-158.8690185546875,119.02632141113281,34.761112213134766,31.841590881347656,10.990211486816406,-11.188486099243164,-7.718494415283203,-13.049833297729492,-0.19798149168491364,7.700924873352051,27.114238739013672,28.869083404541016,-3.3421571254730225,heavyload
heavyload_atmo_medium_16.wav,0.1609322875738144,1212.5655209806469,2214.55404586851,2421.739971454327,0.036996694711538464,0.24321618676185608,0.5719748735427856,-163.25440979003906,115.680908203125,36.956851959228516,37.66741180419922,16.090557098388672,-9.896697998046875,-8.459412574768066,-11.715298652648926,2.4629807472229004,9.429229736328125,26.40266990661621,26.45009422302246,-2.890305757522583,heavyload
heavyload_atmo_medium_17.wav,0.16182728111743927,1233.1997805535498,2225.963317708046,2502.075383112981,0.036572265625,0.2386966049671173,0.5528627038002014,-163.26358032226562,114.78202819824219,36.90667724609375,38.77163314819336,15.545454978942871,-11.849742889404297,-10.205045700073242,-13.791975021362305,1.6505776643753052,10.271389961242676,26.414024353027344,25.960956573486328,-3.2427053451538086,heavyload
heavyload_atmo_medium_18.wav,0.15199150145053864,1240.7566699203073,2208.084342128795,2457.1041165865386,0.038822115384615385,0.2387334406375885,0.5339705944061279,-157.24374389648438,118.97726440429688,31.840808868408203,31.246370315551758,12.03975772857666,-11.292116165161133,-8.636130332946777,-11.817981719970703,3.883091449737549,9.55814266204834,22.00200653076172,24.45389747619629,-2.983286142349243,heavyload
heavyload_atmo_medium_19.wav,0.15508709847927094,1219.1389360246721,2174.948931324137,2372.0479642427886,0.03819110576923077,0.2433885633945465,0.5616185069084167,-152.67665100097656,121.78783416748047,33.8382568359375,31.32376480102539,8.395625114440918,-12.356327056884766,-7.570737838745117,-12.140802383422852,2.8452374935150146,10.31066608428955,23.295785903930664,24.840429306030273,-4.284040927886963,heavyload
heavyload_atmo_medium_2.wav,0.1773729771375656,1203.7672016223337,2138.3332426344377,2196.303898737981,0.032538311298076925,0.24275419116020203,0.5389257669448853,-142.19522094726562,127.1608657836914,29.10837173461914,24.001436233520508,5.948785305023193,-6.849231719970703,-5.912726402282715,-11.497117042541504,3.588266134262085,13.28228759765625,22.61861801147461,23.33455467224121,-2.7058827877044678,heavyload
heavyload_atmo_medium_20.wav,0.16149872541427612,1213.5512548447175,2170.2139896209346,2327.822077824519,0.03805213341346154,0.23990631103515625,0.5511013269424438,-150.96791076660156,123.97114562988281,33.204715728759766,31.27273178100586,11.862556457519531,-10.545316696166992,-8.250141143798828,-12.656639099121094,2.4300029277801514,8.867192268371582,23.12891387939453,24.252826690673828,-4.235701084136963,heavyload
heavyload_atmo_medium_21.wav,0.1606334000825882,1220.647890134659,2186.094336796157,2396.1485877403848,0.03545297475961538,0.23834531009197235,0.5387023687362671,-152.24948120117188,123.0062484741211,33.3671760559082,30.920499801635742,10.388482093811035,-9.865230560302734,-6.712740898132324,-11.665096282958984,3.1716952323913574,11.719725608825684,24.282222747802734,22.91259765625,-5.059482574462891,heavyload
heavyload_atmo_medium_22.wav,0.16808412969112396,1226.9331236659066,2185.292565179507,2385.87890625,0.034581580528846155,0.23693999648094177,0.5356640219688416,-151.74649047851562,121.75057220458984,31.286399841308594,29.71941375732422,9.529135704040527,-11.143134117126465,-7.678799152374268,-10.968168258666992,5.410866737365723,13.032363891601562,24.431703567504883,24.508281707763672,-3.6366050243377686,heavyload
heavyload_atmo_medium_23.wav,0.16688525676727295,1219.7900315223872,2172.744161934325,2390.7652869591348,0.033578725961538464,0.23898009955883026,0.5454808473587036,-147.2740020751953,123.05384826660156,28.922367095947266,28.0482177734375,7.998475074768066,-10.572355270385742,-6.187920570373535,-9.881460189819336,6.627645015716553,13.469819068908691,23.448591232299805,24.377933502197266,-2.719202995300293,heavyload
heavyload_atmo_medium_24.wav,0.16886332631111145,1234.5121634490868,2198.0070358534085,2486.2567608173076,0.032376802884615384,0.23507526516914368,0.508011519908905,-151.71121215820312,119.9493637084961,29.54901885986328,29.121889114379883,7.664680004119873,-10.82084846496582,-7.120843410491943,-10.846046447753906,6.114398956298828,14.051913261413574,22.743698120117188,24.245466232299805,-2.0191330909729004,heavyload
heavyload_atmo_medium_25.wav,0.16378287971019745,1213.987327766345,2200.070717576285,2387.8665865384614,0.03244441105769231,0.2372482568025589,0.5276803970336914,-154.19931030273438,119.99456024169922,32.08866500854492,30.391307830810547,12.018570899963379,-7.945630073547363,-7.202320098876953,-11.658058166503906,3.621678113937378,13.41716480255127,25.90071678161621,24.758630752563477,-3.337137460708618,heavyload
heavyload_atmo_medium_26.wav,0.15800420939922333,1241.0103724842381,2216.9439200397205,2496.692082331731,0.03341346153846154,0.23447094857692719,0.5020348429679871,-155.1773681640625,118.318603515625,31.258655548095703,30.36809730529785,9.724213600158691,-10.78986930847168,-7.840596675872803,-10.961077690124512,4.6632184982299805,12.376036643981934,24.8238468170166,24.400371551513672,-1.9613676071166992,heavyload
heavyload_atmo_medium_27.wav,0.16346421837806702,1197.9058801468211,2180.776137654971,2291.215632512019,0.035144981971153844,0.2407466620206833,0.5387082695960999,-154.05873107910156,121.7091293334961,33.10194396972656,29.35954475402832,11.289261817932129,-8.439107894897461,-5.5806732177734375,-9.661643981933594,4.3057098388671875,11.76156997680664,26.019407272338867,25.113197326660156,-3.879204750061035,heavyload
heavyload_atmo_medium_28.wav,0.1642734557390213,1194.1674106759194,2155.640007506561,2232.0821439302886,0.038333834134615385,0.24477876722812653,0.590320885181427,-150.4671630859375,122.9977035522461,33.71052551269531,31.21554183959961,12.33363151550293,-9.415339469909668,-9.6285400390625,-13.24124813079834,1.8570246696472168,10.37721061706543,23.953935623168945,23.74528694152832,-4.138795852661133,heavyload
heavyload_atmo_medium_29.wav,0.15546481311321259,1214.5298870905208,2163.3636905341777,2336.5181790865386,0.03910006009615385,0.24168522655963898,0.5442101359367371,-153.15892028808594,120.90414428710938,32.3428840637207,31.920473098754883,11.3818998336792,-12.273447036743164,-10.263063430786133,-14.532846450805664,1.7038801908493042,9.885892868041992,21.797122955322266,25.23755645751953,-2.2947940826416016,heavyload
heavyload_atmo_medium_3.wav,0.17844797670841217,1195.8434606949759,2169.535345330574,2256.9281475360576,0.03144906850961538,0.24017079174518585,0.5360171794891357,-151.47003173828125,122.23686981201172,32.01652526855469,28.131494522094727,8.745011329650879,-7.477868556976318,-5.88115119934082,-8.903607368469238,4.658329963684082,13.778011322021484,24.22801971435547,24.04252815246582,-2.854055404663086,heavyload
heavyload_atmo_medium_30.wav,0.14957264065742493,1216.320695325444,2173.5177528874356,2348.858360877404,0.03994140625,0.24201208353042603,0.5463998317718506,-154.25930786132812,121.01692199707031,32.26626205444336,29.617549896240234,9.049391746520996,-13.28537654876709,-7.012404441833496,-9.42431640625,2.4650981426239014,9.195046424865723,21.74223518371582,26.452993392944336,0.11327990144491196,heavyload
heavyload_atmo_medium_31.wav,0.1515415757894516,1200.1415087244895,2163.4504645284865,2308.442195012019,0.04033954326923077,0.2423405647277832,0.550534725189209,-154.01820373535156,121.24466705322266,34.27070236206055,33.03282165527344,11.783614158630371,-12.214897155761719,-7.555722236633301,-11.42371940612793,1.8343384265899658,10.266783714294434,22.852243423461914,24.985435485839844,-2.423316478729248,heavyload
heavyload_atmo_medium_32.wav,0.14790889620780945,1229.592132938378,2185.002331780945,2404.927509014423,0.040782752403846156,0.23982132971286774,0.5409611463546753,-153.64141845703125,120.93666076660156,32.35853576660156,30.337587356567383,9.748469352722168,-13.364585876464844,-8.019285202026367,-10.883665084838867,3.266676425933838,11.094794273376465,22.10991668701172,25.066650390625,-2.820586681365967,heavyload
heavyload_atmo_medium_33.wav,0.1541040986776352,1216.9756883881334,2164.342280829609,2304.715294471154,0.03941180889423077,0.2417251020669937,0.5405651330947876,-151.0016326904297,122.3958511352539,30.262218475341797,28.0556697845459,9.846293449401855,-12.8207368850708,-9.131156921386719,-11.482386589050293,4.419443607330322,11.35244369506836,22.257278442382812,25.662755966186523,-2.085526466369629,heavyload
heavyload_atmo_medium_34.wav,0.15057110786437988,1237.2658637265217,2221.3523116527995,2500.667442908654,0.03761268028846154,0.2364608347415924,0.5486742258071899,-161.7907257080078,114.559326171875,32.33371353149414,33.776451110839844,13.6165132522583,-10.754045486450195,-8.10107421875,-11.323725700378418,2.7865405082702637,10.046648025512695,25.280153274536133,27.010652542114258,-2.378453254699707,heavyload
heavyload_atmo_medium_35.wav,0.15085116028785706,1232.863974282188,2214.701916795278,2460.913837139423,0.036707481971153845,0.23719938099384308,0.5250958800315857,-162.9795684814453,115.39532470703125,34.280799865722656,33.130123138427734,11.17671012878418,-12.4791259765625,-7.908463954925537,-10.255419731140137,3.4200730323791504,10.058253288269043,25.009536743164062,27.841943740844727,-2.7304582595825195,heavyload
heavyload_atmo_medium_36.wav,0.15849275887012482,1221.8515473588661,2185.000940633144,2365.753643329327,0.038660606971153845,0.23946595191955566,0.5549353957176208,-156.46527099609375,119.9302749633789,31.89936065673828,31.205440521240234,11.591511726379395,-10.85739517211914,-7.555306434631348,-11.493010520935059,3.8280842304229736,9.461048126220703,22.930971145629883,26.487051010131836,-4.646426200866699,heavyload
heavyload_atmo_medium_37.wav,0.15316522121429443,1231.2549531926734,2213.42630646079,2470.7694185697114,0.03798828125,0.23819881677627563,0.5348129272460938,-163.17259216308594,115.04873657226562,32.612266540527344,33.069129943847656,11.524532318115234,-12.256124496459961,-6.932330131530762,-10.399237632751465,4.462188720703125,10.696876525878906,26.05007553100586,29.58979034423828,-2.20509672164917,heavyload
heavyload_atmo_medium_38.wav,0.1479840725660324,1231.4581947285444,2180.0624250008636,2385.0507061298076,0.03950570913461538,0.2394917756319046,0.549622654914856,-152.33738708496094,120.67438507080078,29.35114097595215,29.53196144104004,11.813989639282227,-12.528915405273438,-9.3711576461792,-11.567388534545898,4.762057304382324,12.88296127319336,24.6729793548584,25.731321334838867,-3.3536148071289062,heavyload
heavyload_atmo_medium_39.wav,0.14602981507778168,1227.1606427784193,2186.8963604118912,2412.381310096154,0.04025691105769231,0.2393319308757782,0.5268268585205078,-154.85240173339844,118.70101928710938,30.566051483154297,32.1734619140625,13.789384841918945,-11.798665046691895,-10.752067565917969,-12.470932006835938,4.50333309173584,11.917997360229492,23.36843490600586,26.499279022216797,-2.3994412422180176,heavyload
heavyload_atmo_medium_4.wav,0.179240882396698,1166.435782689524,2118.425164254017,2069.672100360577,0.03431490384615385,0.2472810298204422,0.5655561089515686,-145.666015625,127.73727416992188,31.41455841064453,25.70060920715332,7.213932991027832,-9.62729549407959,-4.944382667541504,-9.607584953308105,4.297580242156982,10.809556007385254,23.195478439331055,23.57638168334961,-2.5432329177856445,heavyload
heavyload_atmo_medium_40.wav,0.1510510891675949,1221.527288196762,2166.717047970905,2319.9541766826924,0.03927659254807692,0.24187064170837402,0.5650027394294739,-151.65452575683594,122.9248275756836,32.3972282409668,30.209598541259766,11.000903129577637,-12.74574089050293,-10.99777603149414,-12.969868659973145,2.8732810020446777,9.686701774597168,22.274253845214844,24.08712387084961,-4.279866695404053,heavyload
heavyload_atmo_medium_41.wav,0.15664273500442505,1201.403906193991,2121.2454073870404,2205.662560096154,0.040170522836538464,0.24197091162204742,0.557888388633728,-144.0596466064453,126.74891662597656,28.04739761352539,26.941003799438477,10.883540153503418,-11.310076713562012,-10.169350624084473,-13.697958946228027,3.4309821128845215,11.12673568725586,21.819538116455078,24.342601776123047,-3.2455010414123535,heavyload
heavyload_atmo_medium_42.wav,0.1673622727394104,1188.5512414912764,2085.8602934680634,2106.030085637019,0.03860051081730769,0.25054726004600525,0.5879928469657898,-137.74806213378906,130.35401916503906,26.322811126708984,24.232301712036133,9.897767066955566,-8.961523056030273,-9.259017944335938,-13.927773475646973,3.676096200942993,10.5742826461792,20.030946731567383,21.81427574157715,-5.096742630004883,heavyload
heavyload_atmo_medium_43.wav,0.16449801623821259,1180.5208857277726,2107.567081699557,2113.401066706731,0.038893479567307696,0.24709804356098175,0.5700413584709167,-143.61109924316406,127.9898452758789,31.150609970092773,27.489606857299805,9.751325607299805,-10.734809875488281,-9.50623893737793,-12.913692474365234,2.395875930786133,9.685030937194824,21.25520133972168,22.840925216674805,-4.68228006362915,heavyload
heavyload_atmo_medium_44.wav,0.15254034101963043,1225.4203641659653,2160.76892148677,2300.905573918269,0.04098182091346154,0.24303339421749115,0.5531300902366638,-145.77932739257812,125.1070785522461,31.29157066345215,28.02667236328125,10.119071006774902,-10.319051742553711,-7.956942081451416,-13.29702377319336,2.244755268096924,10.707457542419434,22.10929298400879,23.826120376586914,-4.397428035736084,heavyload
heavyload_atmo_medium_45.wav,0.15602360665798187,1183.9733319409245,2129.8685686587555,2205.4969200721152,0.03892728365384615,0.2458282709121704,0.5489281415939331,-149.86514282226562,123.494873046875,32.178810119628906,32.078487396240234,12.142465591430664,-12.77975082397461,-11.685295104980469,-12.313630104064941,5.153374671936035,12.09171199798584,22.778905868530273,25.0338077545166,-3.064197301864624,heavyload
heavyload_atmo_medium_46.wav,0.15487296879291534,1217.3889590045621,2161.852877874357,2275.5626502403848,0.03893855168269231,0.24251174926757812,0.5472835302352905,-151.1869354248047,122.35549926757812,29.32464027404785,26.617517471313477,10.540641784667969,-10.6826753616333,-8.087687492370605,-10.1973295211792,2.8264904022216797,8.71009349822998,21.978771209716797,24.452159881591797,-2.684798002243042,heavyload
heavyload_atmo_medium_47.wav,0.15271717309951782,1225.5877093076626,2158.8002415090837,2330.7207782451924,0.03927659254807692,0.2394298017024994,0.5376858115196228,-149.1510009765625,122.3424301147461,27.97206687927246,27.015331268310547,10.013765335083008,-11.191197395324707,-9.774152755737305,-12.245150566101074,4.374872207641602,9.94033432006836,22.10483741760254,24.372005462646484,-3.727571725845337,heavyload
heavyload_atmo_medium_48.wav,0.15783020853996277,1208.1469796621623,2139.2626538924856,2268.2744891826924,0.03899864783653846,0.24601443111896515,0.5631853342056274,-149.5088653564453,122.42813110351562,30.248876571655273,30.025836944580078,11.454010009765625,-12.295546531677246,-11.376436233520508,-13.881464958190918,2.1267282962799072,10.233430862426758,22.79928970336914,24.80887222290039,-3.2346129417419434,heavyload
heavyload_atmo_medium_49.wav,0.1814296692609787,1184.3071021743178,2111.07505164073,2163.672814002404,0.03813100961538462,0.2594109773635864,0.6107762455940247,-143.0630645751953,125.41835021972656,30.013877868652344,28.12644386291504,10.483826637268066,-9.636360168457031,-9.099811553955078,-12.266495704650879,3.3920974731445312,11.296234130859375,23.232362747192383,23.664291381835938,-5.824468612670898,heavyload
heavyload_atmo_medium_5.wav,0.17635805904865265,1155.1635342057732,2113.1459776150186,2036.3784555288462,0.03759014423076923,0.25285229086875916,0.5742405652999878,-150.8367156982422,124.30242156982422,33.0477409362793,30.194236755371094,11.046021461486816,-10.113858222961426,-8.21768856048584,-12.969339370727539,2.9129762649536133,11.2817964553833,25.320554733276367,25.49237632751465,-3.0888559818267822,heavyload
heavyload_atmo_medium_50.wav,0.16414423286914825,1210.5992444020003,2130.0699435153456,2263.885028545673,0.0384765625,0.24810482561588287,0.5869699120521545,-144.07681274414062,125.1539077758789,26.814998626708984,27.731281280517578,11.817612648010254,-10.095968246459961,-9.34291934967041,-14.14940357208252,3.0670664310455322,9.874149322509766,21.970272064208984,24.254379272460938,-3.330609083175659,heavyload
heavyload_atmo_medium_51.wav,0.16065198183059692,1211.5854854590336,2158.809641148697,2286.3292518028848,0.035948768028846154,0.23948711156845093,0.5496666431427002,-149.28012084960938,124.77642059326172,30.509990692138672,27.701311111450195,10.046945571899414,-12.079418182373047,-9.450615882873535,-11.576902389526367,3.419609546661377,9.58941650390625,23.946949005126953,25.15746307373047,-4.767545223236084,heavyload
heavyload_atmo_medium_52.wav,0.17083323001861572,1195.9478739859205,2113.2806404924586,2177.089655949519,0.03820988581730769,0.24993479251861572,0.5717934370040894,-141.35198974609375,127.2162857055664,28.83049964904785,27.293378829956055,10.28423023223877,-11.508851051330566,-11.50153636932373,-14.10716724395752,4.2657575607299805,11.466070175170898,21.095876693725586,21.524009704589844,-5.322693347930908,heavyload
heavyload_atmo_medium_53.wav,0.1567886769771576,1197.0579646363751,2123.506836294504,2201.5215594951924,0.03682391826923077,0.24352280795574188,0.5398674607276917,-144.42547607421875,126.01707458496094,27.195951461791992,26.37510108947754,11.645974159240723,-11.548538208007812,-12.170759201049805,-12.470135688781738,5.788902759552002,11.849764823913574,23.6832218170166,24.275707244873047,-4.356831073760986,heavyload
heavyload_atmo_medium_54.wav,0.16391032934188843,1210.5233158709652,2126.1442991457025,2297.0958533653848,0.037939453125,0.24123544991016388,0.5618195533752441,-141.32083129882812,126.54994201660156,27.284292221069336,28.086448669433594,10.197331428527832,-11.167811393737793,-9.434279441833496,-13.738701820373535,3.686337947845459,11.72618293762207,21.144248962402344,22.438386917114258,-4.986824989318848,heavyload
heavyload_atmo_medium_55.wav,0.15615452826023102,1249.425655368819,2153.6158958986734,2437.144493689904,0.038063401442307694,0.23851972818374634,0.5564570426940918,-140.71826171875,125.16907501220703,24.667123794555664,25.095462799072266,7.494009971618652,-11.196640014648438,-8.503667831420898,-12.877507209777832,4.8401055335998535,13.512120246887207,23.10611915588379,23.728883743286133,-4.648525714874268,heavyload
heavyload_atmo_medium_56.wav,0.15789926052093506,1198.6644693164076,2123.080438486921,2200.9418194110576,0.037548828125,0.24293671548366547,0.5618505477905273,-141.4481964111328,128.92071533203125,27.997196197509766,24.154354095458984,7.310850620269775,-10.89146614074707,-7.302696704864502,-12.177120208740234,3.4524550437927246,10.273280143737793,22.96014976501465,24.190126419067383,-4.834089279174805,heavyload
heavyload_atmo_medium_57.wav,0.16618655622005463,1191.9800415572818,2097.862071303811,2189.595477764423,0.03810471754807692,0.24774803221225739,0.5613787770271301,-141.30679321289062,127.75592041015625,26.20598030090332,27.405149459838867,11.315448760986328,-11.333362579345703,-9.4268798828125,-14.465304374694824,2.7584035396575928,11.3558988571167,23.039180755615234,23.755117416381836,-4.554382801055908,heavyload
heavyload_atmo_medium_58.wav,0.18253470957279205,1164.0131558476571,2039.2411342480373,2103.131385216346,0.03813852163461538,0.26213183999061584,0.5933449268341064,-131.83355712890625,130.12371826171875,22.046138763427734,26.7111873626709,9.851547241210938,-11.10116958618164,-6.697314262390137,-12.078763961791992,3.934257984161377,10.558116912841797,20.109329223632812,23.838245391845703,-1.5773252248764038,heavyload
heavyload_atmo_medium_59.wav,0.1593281477689743,1179.4626679425312,2129.6566615529755,2249.7228064903848,0.03943434495192308,0.24957627058029175,0.5781481862068176,-148.61166381835938,122.86529541015625,30.517593383789062,33.11897659301758,13.760225296020508,-11.706512451171875,-8.280990600585938,-10.660103797912598,4.2871527671813965,11.194737434387207,21.945188522338867,25.193824768066406,-1.2995156049728394,heavyload
heavyload_atmo_medium_6.wav,0.1706029623746872,1149.960660508068,2119.6978816191963,2071.576960637019,0.037421123798076925,0.2534187436103821,0.5973411798477173,-153.16868591308594,122.64974212646484,34.93728256225586,32.19557571411133,9.872265815734863,-10.576898574829102,-6.039684295654297,-9.688424110412598,4.109954357147217,10.428094863891602,24.68678855895996,26.28776741027832,-2.902848720550537,heavyload
heavyload_atmo_medium_60.wav,0.15867586433887482,1181.1074992576114,2120.9068859837466,2177.669396033654,0.040948016826923075,0.24984976649284363,0.585017740726471,-151.44573974609375,123.61447143554688,30.027448654174805,29.136812210083008,10.6155366897583,-13.177422523498535,-8.429163932800293,-10.15422534942627,3.9033877849578857,10.825189590454102,23.339134216308594,24.763803482055664,-2.79915189743042,heavyload
heavyload_atmo_medium_61.wav,0.15991610288619995,1162.9007358814763,2098.447580016151,2099.9842247596152,0.040106670673076925,0.2496572583913803,0.5945687294006348,-147.9964599609375,125.8436508178711,30.96205711364746,30.636802673339844,13.19057846069336,-11.509477615356445,-10.723738670349121,-13.249957084655762,1.3589860200881958,9.188668251037598,22.57218360900879,23.257217407226562,-3.952650785446167,heavyload
heavyload_atmo_medium_62.wav,0.16107670962810516,1162.6849679684324,2068.5110939270935,2036.9581956129807,0.040884164663461536,0.2582437992095947,0.6137580275535583,-139.28887939453125,130.1732635498047,28.591468811035156,26.736955642700195,9.033001899719238,-13.00356388092041,-9.010223388671875,-11.374277114868164,3.213275671005249,10.632935523986816,19.852697372436523,21.485456466674805,-3.105438709259033,heavyload
heavyload_atmo_medium_63.wav,0.16033808887004852,1207.5179639337935,2154.8222285895913,2303.2245342548076,0.03916391225961539,0.246847003698349,0.5822772979736328,-153.78074645996094,120.984619140625,31.339689254760742,31.841075897216797,12.9960355758667,-13.25224781036377,-10.41421127319336,-10.819225311279297,1.305310845375061,8.170954704284668,21.95514488220215,25.13002586364746,-1.6897329092025757,heavyload
heavyload_atmo_medium_64.wav,0.14940732717514038,1230.6285867887827,2199.95105536522,2449.9815955528848,0.039873798076923074,0.24189412593841553,0.5452783703804016,-159.57479858398438,116.44442749023438,32.26689529418945,34.9503288269043,14.307832717895508,-12.729761123657227,-8.60914421081543,-9.014497756958008,3.9659621715545654,8.820176124572754,23.425466537475586,27.485036849975586,-0.17521534860134125,heavyload
heavyload_atmo_medium_65.wav,0.16164636611938477,1208.866143158843,2077.0192387664943,2195.641338641827,0.04131610576923077,0.2511339485645294,0.5918400287628174,-137.84994506835938,128.46192932128906,22.843448638916016,23.968643188476562,8.770971298217773,-10.764863967895508,-8.551920890808105,-13.889181137084961,3.5389623641967773,12.661121368408203,22.314067840576172,23.274816513061523,-4.943889141082764,heavyload
heavyload_atmo_medium_66.wav,0.17451775074005127,1140.8959973283697,2042.0615576077441,1922.5009390024038,0.04030198317307692,0.2560986280441284,0.6031453013420105,-139.5052032470703,132.2350616455078,28.412147521972656,26.234712600708008,10.083191871643066,-11.723187446594238,-8.032175064086914,-12.797167778015137,1.748473882675171,9.054139137268066,20.941259384155273,23.602659225463867,-3.5919835567474365,heavyload
heavyload_atmo_medium_67.wav,0.1567731499671936,1202.9848794438628,2110.826103656052,2222.557842548077,0.040050330528846156,0.24854160845279694,0.5718381404876709,-140.94183349609375,127.61799621582031,26.05060386657715,25.484182357788086,8.976405143737793,-10.75179386138916,-6.192531108856201,-11.738083839416504,4.215867042541504,11.560176849365234,21.47377586364746,25.74199867248535,-2.43979549407959,heavyload
heavyload_atmo_medium_68.wav,0.15337717533111572,1201.9235855371758,2139.850153318643,2298.255333533654,0.03980243389423077,0.24859797954559326,0.5803030133247375,-148.9015350341797,122.4438705444336,28.99302101135254,30.747081756591797,12.152932167053223,-12.778840065002441,-7.933141231536865,-8.195754051208496,6.4508056640625,12.01273250579834,21.89676284790039,25.269969940185547,-2.0198023319244385,heavyload
heavyload_atmo_medium_69.wav,0.1632692962884903,1167.6270490621876,2092.2129734486507,2097.748084435096,0.03942307692307692,0.2505020797252655,0.6058401465415955,-143.70799255371094,128.2010955810547,28.014612197875977,26.84489631652832,9.864575386047363,-11.786417961120605,-6.5939178466796875,-9.701920509338379,5.0345635414123535,10.803224563598633,20.877042770385742,24.38677406311035,-1.422978401184082,heavyload
heavyload_atmo_medium_7.wav,0.15250642597675323,1224.6141084791757,2185.135827481639,2385.547626201923,0.03894230769230769,0.2429134100675583,0.5562776327133179,-155.4173126220703,119.22142028808594,32.727752685546875,31.871252059936523,11.772284507751465,-9.838093757629395,-7.413217544555664,-10.983055114746094,4.067242622375488,12.171208381652832,24.09300994873047,24.297218322753906,-3.5119547843933105,heavyload
heavyload_atmo_medium_8.wav,0.15586572885513306,1228.9642862614794,2202.1641645641926,2462.404597355769,0.03893855168269231,0.24110689759254456,0.5470456480979919,-159.82554626464844,115.39986419677734,32.48501205444336,35.42640686035156,13.849930763244629,-11.006843566894531,-7.866482257843018,-9.920709609985352,4.389285087585449,8.732641220092773,22.583589553833008,25.71422576904297,-2.0780746936798096,heavyload
heavyload_atmo_medium_9.wav,0.16935275495052338,1150.0186255874576,2144.416692471165,2151.0013521634614,0.03624173677884615,0.25587499141693115,0.5983291268348694,-156.9179229736328,119.18804931640625,34.60548400878906,34.65113067626953,13.272472381591797,-9.793621063232422,-7.063919544219971,-10.618462562561035,5.090359687805176,11.855265617370605,27.16339683532715,26.618621826171875,-2.3409788608551025,heavyload
